GROUP,PACKAGE,CLASS,INSTRUCTION_MISSED,INSTRUCTION_COVERED,BRANCH_MISSED,BRANCH_COVERED,LINE_MISSED,LINE_COVERED,COMPLEXITY_MISSED,COMPLEXITY_COVERED,METHOD_MISSED,METHOD_COVERED
Gem,com.gem.servlet,BackEndServlet,24,0,0,0,7,0,4,0,4,0
Gem,com.gem.servlet,FrontEndServlet,28,0,0,0,8,0,4,0,4,0
Gem,com.gem.servlet,RoutingServlet,83,0,10,0,24,0,12,0,4,0
Gem,com.gem.models,Overseer,3,0,0,0,1,0,1,0,1,0
Gem,com.gem.models,ReimbursementRequest,0,217,0,0,0,69,0,26,0,26
Gem,com.gem.models,Dwarf,4,160,0,0,2,50,1,21,1,21
Gem,com.gem.daos,DwarfDao,16,193,0,4,10,60,2,7,2,5
Gem,com.gem.daos,ReimbursementDao,8,267,2,11,4,86,4,12,2,5
Gem,com.gem.controller,DwarfController,102,0,6,0,25,0,8,0,5,0
Gem,com.gem.controller,ReimbursementController,134,0,0,0,34,0,6,0,6,0
Gem,com.gem.services,ReimbursementService,0,27,0,0,0,7,0,5,0,5
Gem,com.gem.services,DwarfService,0,18,0,0,0,5,0,3,0,3
Gem,com.gem.util,ConnUtil,3,29,0,2,2,11,0,4,0,3
